tool_name,category,example_sentence,response,test_time,timestamp
create_calendar,calendar,임시테스트 라는 이름의 캘린더를 새로 만들어줘,"이미 '임시테스트'라는 이름의 캘린더가 생성되어 있어요. 

기존에 생성된 '임시테스트' 캘린더를 사용하실까요? 아니면 이름을 바꿔서 새로 만들까요?",6.171074628829956,2025-05-25T17:15:16.074019
create_calendar,calendar,업무용 캘린더를 생성해줘,"'업무용'이라는 이름의 캘린더가 이미 있어요.

기존 '업무용' 캘린더를 사용하시겠어요? 아니면 다른 이름으로 새로 만들어 드릴까요?",6.399763345718384,2025-05-25T17:15:22.977700
get_calendar_list,calendar,내 캘린더 목록을 보여줘,"현재 사용 중인 캘린더 목록입니다:

1. 기본 캘린더 (primary)
2. 임시 캘린더
3. 임시테스트
4. 업무용

필요하신 캘린더 일정 관리나 추가 작업이 있으면 알려주세요!",4.784278869628906,2025-05-25T17:15:28.265397
get_calendar_list,calendar,현재 등록된 캘린더들을 확인해줘,"현재 등록된 캘린더 목록을 다시 안내해 드릴게요.

- 기본 캘린더 (primary)
- 임시 캘린더
- 임시테스트
- 업무용

더 궁금한 점이나 일정 관련 도움 필요하시면 언제든 말씀해 주세요!",5.1203625202178955,2025-05-25T17:15:33.889547
update_calendar,calendar,업무 캘린더 이름을 '회사 일정'으로 바꿔줘,"죄송해요, '업무용' 캘린더 이름을 '회사 일정'으로 변경하려 했는데 문제가 발생했어요.

혹시 정확한 변경할 캘린더 이름이나 다른 요청이 있으시면 알려주세요!",7.019427299499512,2025-05-25T17:15:41.413192
update_calendar,calendar,캘린더 이름을 변경해줘,"캘린더 이름 변경을 도와드리려면, 어떤 캘린더를 어느 이름으로 바꾸고 싶은지 알려주세요!

예를 들어, '임시테스트' 캘린더를 '여행 준비'로 변경하고 싶다 등 구체적으로 말씀해 주시면 바로 진행할게요.",9.144549369812012,2025-05-25T17:15:51.062477
delete_calendar,calendar,임시 캘린더를 삭제해줘,"'임시 캘린더'를 삭제했어요. 

다른 캘린더 관리나 일정 관련해서 추가로 도와드릴 사항이 있으면 말씀해 주세요!",6.543129205703735,2025-05-25T17:15:58.109176
delete_calendar,calendar,테스트용 캘린더를 제거해줘,"'테스트용'이라는 이름의 캘린더가 현재 목록에 없는데요, 정확한 이름을 다시 한번 확인해 주세요.

혹시 '임시테스트' 같은 다른 이름이나 삭제할 캘린더가 있으면 알려주시면 바로 처리해드릴게요!",9.814347743988037,2025-05-25T17:16:08.428739
get_holidays,calendar,2024년 공휴일을 알려줘,"2024년 공휴일 정보는 한 번에 31일 이내 기간으로만 조회 가능해서요, 한 달 단위로 나눠서 알려드릴 수 있어요.

특히 궁금한 월이 있거나 몇 달치 공휴일을 원하시면 알려주세요! 아니면 1월 공휴일부터 시작해 자세히 안내해 드릴게요.",6.951137065887451,2025-05-25T17:16:15.884362
get_holidays,calendar,올해 휴일 목록을 보여줘,"올해(2025년) 휴일 목록도 31일 이내 기간으로 조회해야 해서요, 예를 들어 1월만 먼저 알려드릴까요? 아니면 특정 월을 말씀해 주세요.",6.87439227104187,2025-05-25T17:16:23.262797
daum_web_search,search,파이썬 프로그래밍에 대해 검색해줘,"""파이썬 프로그래밍"" 관련해서 최근 인기 있는 문서 5건을 찾아봤어요:

1. [앞으로는 사무직도 파이썬 프로그래밍이 기본이 되는 시대가 온다](https://gall.dcinside.com/board/view/?id=jungsopd&no=1298506) - 2025-04-21 작성  
2. [서울지역대학 파이썬 프로그래밍기초 ZOOM 8번 출석수업과제](https://gall.dcinside.com/mgallery/board/view/?id=knou&no=97803) - 2025-04-14 작성  
3. [입문부터 실무까지 한 방에 끝내는 파이썬 프로그래밍 도서](https://www.kdgedu.co.kr/bbs/board.php?bo_table=book&wr_id=56516) - 2019-05-31 출판  
4. [이젠컴퓨터아카데미 안산교육센터 - 파이썬 프로그래밍 과정](https://as.ezenac.co.kr/ezen/curriculum/?idx=1929) - 2025-03-25 시작  
5. [[HD]Python(파이썬) 프로그래밍 제대로 배우기 Part.1 후기](https://itsdong.com/it/review_detail.php?id=13158) - 2025-03-03 작성  

필요하시면 특정 내용 발췌나 추가 정보도 알려드릴게요!",10.284388303756714,2025-05-25T17:16:34.050683
daum_web_search,search,최신 AI 뉴스를 찾아줘,"최신 AI 뉴스 중 몇 가지를 소개해드릴게요:

1. [e-환경과조경 뉴스](https://lak.co.kr/news/boardlist.php?ca_id=103010&page=9) (2025-05-25) - AI 센터장과 건축·엔지니어링 전문가들이 참여한 다양한 프로그램과 최신 지식 공유 내용

2. [국내 정책 관련 뉴스](https://www.korea.kr/etc/deptSns.do;JSESSIONID_KOREA=cYMhbv2Sr1ytK52Q4zM9QXcczCjn3KY0d6gLw5hJn9Q9DDMdy8cD!2041692540!-798037813?deptNo=12) (2025-05-25) - 정부 정책과 국민 체험기 등 다양한 콘텐츠 제공

3. [마켓PRO: 5만 전자 매수 나선 고수들](https://www.hankyung.com/article/202505253954i) (2025-05-25) - 최신 고대역폭메모리 상용화와 관련된 주식 시장 동향

4. [주간 국내 뉴스 - 기글하드웨어](https://gigglehd.com/gg/ggnews) (2025-05-25) - MSI 클로 8 AI+ 판매 재개 소식 등

5. [한화에어로스페이스 2025년 방산 수출 뉴스 및 수주 내역](https://investi.kr/%ED%95%9C%ED%99%94%EC%97%90%EC%96%B4%EB%A1%9C%EC%8A%A4%ED%8E%98%EC%9D%B4%EC%8A%A4-2025%EB%85%84-%EB%B0%A9%EC%82%B0-%EC%88%98%EC%B6%9C-%EB%89%B4%EC%8A%A4%C2%B7%EC%88%98%EC%A3%BC/) (2025-05-25) - 방위산업 수출 현황 정리

더 자세한 내용이나 특정 주제에 대해 추가로 원하시면 말씀해 주세요!",14.433125972747803,2025-05-25T17:16:48.988070
create_task,task,내일까지 보고서 작성하기 할 일을 추가해줘,"내일까지 '보고서 작성하기' 할 일을 할 일 목록에 추가했어요.

더 필요한 할 일이나 일정이 있으면 알려주세요!",6.84693455696106,2025-05-25T17:16:56.338398
create_task,task,운동하기 할 일을 만들어줘,"'운동하기' 할 일을 새로 추가했어요.

더 추가할 할 일이나 일정 있으시면 편하게 말씀해 주세요!",6.662178993225098,2025-05-25T17:17:03.504309
get_tasks,task,내 할 일 목록을 보여줘,"할 일 목록을 조회하려면 기간을 지정해야 해요.

어느 기간 동안의 할 일 목록을 보여드릴까요? 예를 들어 오늘부터 이번 주말까지, 혹은 이번 달 등 원하는 기간을 알려주세요!",6.620194911956787,2025-05-25T17:17:10.627658
get_tasks,task,오늘 해야 할 일들을 확인해줘,"죄송해요, 오늘 해야 할 일 목록을 조회하는 데 오류가 발생했어요.

기간 지정 방식에 문제가 있을 수 있어서 다시 한 번 시도해도 될까요? 아니면 다른 방식으로 도와드릴 수 있어요!",6.977886199951172,2025-05-25T17:17:18.109588
records_task,task,할 일 도전 기록을 보여줘,"할 일 도전 기록을 조회하려면 특정 할 일 ID가 필요해요.

어떤 할 일의 도전 기록을 보고 싶으신가요? 알려주시면 바로 확인해 드릴게요!",4.827759265899658,2025-05-25T17:17:23.441148
records_task,task,태스크 완료 히스토리를 확인해줘,"태스크 완료 히스토리를 확인하려면 특정 할 일 ID가 필요해요.

관심 있는 할 일이나 완료한 할 일 ID를 알려주시면 히스토리를 조회해 드릴 수 있어요!",4.94279146194458,2025-05-25T17:17:28.887941
update_task,task,운동하기 할 일의 마감일을 내일로 바꿔줘,"현재 할 일 목록을 불러올 때 기간 지정이 필요해서 오류가 났어요.

'운동하기' 할 일의 마감일을 변경하려면 먼저 할 일 ID를 알아야 하는데, 오늘부터 일주일 정도 기간의 할 일 목록을 먼저 조회해 드릴까요?",8.249768733978271,2025-05-25T17:17:37.642418
update_task,task,할 일 제목을 변경해줘,"할 일 제목 변경을 도와드리려면, 어떤 할 일의 제목을 어떻게 바꾸고 싶은지 구체적으로 알려주세요!

예를 들어, 현재 '운동하기' 할 일을 '매일 운동하기'로 변경하고 싶다 등으로 말씀해 주시면 바로 처리해 드릴게요.",5.006929874420166,2025-05-25T17:17:43.153145
complete_task,task,운동하기 할 일을 완료로 표시해줘,"죄송해요, '운동하기' 할 일을 완료로 표시하려 했는데 할 일 목록을 제대로 불러오지 못했어요.

할 일 ID가 필요해서 그런데, 먼저 목록에서 해당 할 일을 찾아드릴까요? 아니면 다른 도움 필요하시면 말씀해 주세요!",6.794867277145386,2025-05-25T17:17:50.451855
complete_task,task,보고서 작성 태스크를 끝냈어,"'보고서 작성하기' 할 일을 완료 처리하려고 했는데, 할 일 목록을 가져오는 과정에서 오류가 발생했습니다.

할 일 ID를 먼저 파악해야 해서 그런데, 특정 기간 동안의 할 일 목록 조회를 어떻게 도와드릴까요?",7.272411823272705,2025-05-25T17:17:58.227753
delete_task,task,불필요한 할 일을 삭제해줘,"불필요한 할 일을 삭제해 드리려면, 삭제할 할 일의 제목이나 내용을 알려주세요.

예를 들어 '운동하기' 할 일이나 '보고서 작성하기' 할 일 중 삭제할 것이 있다면 말씀해 주세요!",5.963968753814697,2025-05-25T17:18:04.695230
delete_task,task,완료된 태스크를 지워줘,"완료된 태스크를 삭제하려면, 삭제할 완료 태스크들의 구체적인 목록이나 제목을 알려주셔야 해요.

혹은 일정 기간 동안 완료된 태스크를 삭제할까요? 구체적으로 말씀해 주시면 바로 조치해 드릴게요!",5.103858947753906,2025-05-25T17:18:10.302868
create_event,event,내일 오후 2시에 회의 일정을 만들어줘,"회의 일정 생성 전에 몇 가지 여쭤볼게요.

1. 회의 일정이 하루 종일 일정인가요, 아니면 특정 시간대만 예약할까요?  
2. 어느 캘린더에 일정을 등록할지 알려주세요. (예: 기본 캘린더, 업무용 등)  
3. 회의 장소나 추가 메모가 필요하신지도 알려주세요.

이 정보를 알려주시면 바로 일정 만들어 드릴게요!",6.207056999206543,2025-05-25T17:18:17.013690
create_event,event,다음 주 월요일에 병원 예약 일정을 추가해줘,"다음 주 월요일에 병원 예약 일정을 추가해 드리겠습니다.

몇 가지 정보만 더 알려주세요!  
1. 일정 시작 시간과 종료 시간은 어떻게 되나요?  
2. 어느 캘린더에 일정을 등록할까요? (예: 기본 캘린더, 업무용, 개인 일정 등)  
3. 병원 이름이나 장소, 혹은 추가 메모가 있을까요?

알려주시면 바로 등록해드릴게요!",8.844797611236572,2025-05-25T17:18:26.362103
get_event_list,event,이번 주 일정을 보여줘,"이번 주 기본(primary) 캘린더에 등록된 일정이 현재 없어요.

다른 캘린더 일정도 보시겠어요? 아니면 새 일정을 추가해드릴까요?",7.788093566894531,2025-05-25T17:18:34.654294
get_event_list,event,내 일정 목록을 확인해줘,"내 일정 목록을 확인하려면 어느 기간 동안의 일정을 보고 싶으신지 알려주세요.

예를 들어, 오늘, 이번 주, 이번 달 중에 선택해 주시면 해당 기간의 일정을 안내해드릴게요!",5.031678199768066,2025-05-25T17:18:40.189263
get_event_detail,event,회의 일정 상세 정보를 보여줘,"회의 일정 상세 정보를 알려면, 어느 일정의 상세 내용을 원하시는지 일정 제목이나 날짜 등을 알려주셔야 해요.

어떤 회의 일정의 상세 정보를 확인하고 싶으신가요?",5.374807596206665,2025-05-25T17:18:46.067473
get_event_detail,event,내일 약속 세부사항을 확인해줘,"내일 약속 세부사항을 확인해 드리려면, 몇 가지 정보를 알려주세요.

1. 어느 캘린더에 등록된 약속인지 (예: 기본, 업무용 등)  
2. 약속의 제목이나 시간대 등 구체적인 정보가 있으면 더 정확히 찾아드릴 수 있어요.

알려주시면 바로 확인해 드릴게요!",6.035836219787598,2025-05-25T17:18:52.607299
update_event,event,회의 시간을 오후 3시로 변경해줘,"회의 시간 변경을 도와드리려면, 어느 날짜의 회의를 언제에서 오후 3시로 변경할지 구체적으로 알려주세요.

예를 들어, 5월 26일 오후 2시 회의를 3시로 변경하는 식으로 정보를 주시면 바로 처리해 드릴게요!",5.187046766281128,2025-05-25T17:18:58.298360
update_event,event,일정 제목을 수정해줘,"일정 제목을 수정하려면, 기존 일정의 날짜와 현재 제목, 그리고 변경할 새로운 제목을 알려주세요.

예를 들어, ""5월 26일 오후 2시 회의"" 일정을 ""프로젝트 회의""로 변경하고 싶다 등 구체적으로 알려주시면 바로 도와드리겠습니다!",5.5995588302612305,2025-05-25T17:19:04.401644
delete_event,event,취소된 회의 일정을 삭제해줘,"취소된 회의 일정을 삭제해 드리려면, 해당 일정의 날짜와 제목을 알려주세요.

정확한 일정을 알려주시면 바로 삭제해 드릴게요!",4.772618532180786,2025-05-25T17:19:09.678652
delete_event,event,불필요한 일정을 없애줘,"불필요한 일정을 삭제해 드리려면, 삭제할 일정의 제목이나 날짜 등 구체적인 정보를 알려주세요.

예를 들어, '임시 회의'나 '테스트 일정'처럼 어떤 일정을 없애고 싶은지 알려주시면 바로 처리해 드릴게요!",5.321090221405029,2025-05-25T17:19:15.504217
search_places_by_keyword,local,강남역 근처 맛집을 찾아줘,"강남역 근처 맛집을 찾으려는데 검색 조건이 부족해 오류가 났어요.

맛집 검색 카테고리 코드를 지정해야 하는데, 혹시 어떤 종류 음식이나 스타일(예: 한식, 일식, 카페 등)을 원하시나요? 알려주시면 바로 찾아드릴게요!",7.544637203216553,2025-05-25T17:19:23.553492
search_places_by_keyword,local,홍대 카페를 검색해줘,"홍대 카페 검색 시 반경(radius) 정보를 지정해야 해요.

홍대 지역 중심 좌표나 원하시는 검색 반경(예: 500m, 1000m 등) 알려주시면 정확한 카페 정보를 찾아드릴게요!",6.924655199050903,2025-05-25T17:19:30.981902
search_places_by_category,local,음식점 카테고리로 장소를 찾아줘,"음식점 카테고리로 장소를 찾아드릴게요.

검색할 지역이나 키워드(예: 강남역, 홍대, 맛집 등)와 중심 좌표 또는 반경(예: 500m, 1000m) 정보를 알려주세요! 그러면 정확히 찾아드리겠습니다.",5.608689546585083,2025-05-25T17:19:37.094067
search_places_by_category,local,문화시설을 찾아줘 ,"문화시설을 찾아드리고 싶은데, 어느 지역에서 찾으실까요?

예를 들어, 특정 도시나 지역명(예: 서울, 부산, 강남 등)을 알려주시면 주변 문화시설을 추천해 드릴게요!",5.292708873748779,2025-05-25T17:19:42.890453
